{
    "ROUGE": 0.7672702010110017,
    "_ROUGE1": 0.8060129493808116,
    "_ROUGE2": 0.6272019845050271,
    "EM": 0.1825525040387722,
    "_P1": 0.6173277359583093,
    "_R1": 0.34435562015503873,
    "F1": 0.44210035247771096,
    "_P2": 0.39885553659271156,
    "_R2": 0.24790964682391115,
    "F2": 0.3057682687497595,
    "_P3": 0.31307374374592123,
    "_R3": 0.20793481087641227,
    "F3": 0.24989581886373105,
    "_BLEU1": 0.7020165933536937,
    "_BLEU2": 0.6217319698491652,
    "_BLEU3": 0.5573085608208992,
    "BLEU4": 0.4977857601746373,
    "loss": 0.01892541069261615
}