{
    "ROUGE": 0.8902889630414497,
    "_ROUGE1": 0.9218838106168328,
    "_ROUGE2": 0.8519549341416712,
    "EM": 0.49157523510971785,
    "_P1": 0.7227257083859125,
    "_R1": 0.6847081838930551,
    "F1": 0.7032034825315324,
    "_P2": 0.592781520692974,
    "_R2": 0.5601637107776262,
    "F2": 0.5760112228197334,
    "_P3": 0.508694109297374,
    "_R3": 0.4792310906811534,
    "F3": 0.4935232603175969,
    "_BLEU1": 0.9091803457887737,
    "_BLEU2": 0.8803186249272476,
    "_BLEU3": 0.8526610427225704,
    "BLEU4": 0.8245483584984249,
    "loss": 0.013320607455128131
}