{
    "ROUGE": 0.8954699040374693,
    "_ROUGE1": 0.9248370079585566,
    "_ROUGE2": 0.8548729804396925,
    "EM": 0.4933385579937304,
    "_P1": 0.7443478260869565,
    "_R1": 0.6512335615693946,
    "F1": 0.694684366123703,
    "_P2": 0.6040515653775322,
    "_R2": 0.5369713506139154,
    "F2": 0.5685396504405605,
    "_P3": 0.515867089789061,
    "_R3": 0.4619306310071041,
    "F3": 0.48741126151946734,
    "_BLEU1": 0.9203424772022362,
    "_BLEU2": 0.8919446800461631,
    "_BLEU3": 0.8644065076063657,
    "BLEU4": 0.836555297206264,
    "loss": 0.012869063752786444
}