{
    "ROUGE": 0.8761914250271031,
    "_ROUGE1": 0.9096109449987978,
    "_ROUGE2": 0.8299625766685176,
    "EM": 0.43260188087774293,
    "_P1": 0.663828689370485,
    "_R1": 0.5592870340180415,
    "F1": 0.6070901905267504,
    "_P2": 0.5118311660626732,
    "_R2": 0.43674397453387903,
    "F2": 0.4713156990724837,
    "_P3": 0.42003325833903943,
    "_R3": 0.3588800668616799,
    "F3": 0.38705606634216694,
    "_BLEU1": 0.9049646708813686,
    "_BLEU2": 0.8726836197111325,
    "_BLEU3": 0.8417857314177102,
    "BLEU4": 0.810576724115273,
    "loss": 0.01269258979597015
}