{
    "ROUGE": 0.8927719935645371,
    "_ROUGE1": 0.9235141523874184,
    "_ROUGE2": 0.8481181915297369,
    "EM": 0.536,
    "_P1": 0.8750417083750417,
    "_R1": 0.7598145733738955,
    "F1": 0.8133674497945259,
    "_P2": 0.7759128386336867,
    "_R2": 0.6749487704918032,
    "F2": 0.7219178082191782,
    "_P3": 0.7060550971892043,
    "_R3": 0.6137109517442567,
    "F3": 0.6566523605150214,
    "_BLEU1": 0.8953007499145113,
    "_BLEU2": 0.8627271154439679,
    "_BLEU3": 0.8298150265279266,
    "BLEU4": 0.7961327186223426,
    "loss": 0.07524961760888497
}