{
    "ROUGE": 0.9394040084189113,
    "_ROUGE1": 0.961865057419486,
    "_ROUGE2": 0.9113051224617216,
    "EM": 0.688,
    "_P1": 0.9451903332806824,
    "_R1": 0.8668694770389685,
    "F1": 0.9043373129817137,
    "_P2": 0.8648273949812838,
    "_R2": 0.7989241803278688,
    "F2": 0.8305705345849144,
    "_P3": 0.8075098814229249,
    "_R3": 0.7449860216360763,
    "F3": 0.774988935954985,
    "_BLEU1": 0.9405510823944796,
    "_BLEU2": 0.9172718486250105,
    "_BLEU3": 0.8932687251641028,
    "BLEU4": 0.8691863201601382,
    "loss": 0.2084200546145439
}